{"fp_bpp": 1554.0234375, "hp_bpp": NaN, "fp_psnr": 54.74136829376221, "hp_psnr": NaN}