{"psnr": [5.400049090385437, 8.34926962852478, 9.789829850196838, 10.471863746643066, 10.826339721679688, 11.126116514205933, 11.4787757396698, 11.925312280654907, 12.421274185180664, 12.891606092453003, 13.366221189498901, 13.843293190002441, 14.243792295455933, 14.648293256759644, 15.11066198348999, 15.535953044891357, 15.915284156799316, 16.31313443183899, 16.68269991874695, 16.994364261627197, 17.32424259185791, 17.65915274620056, 17.969346046447754, 18.276636600494385, 18.55165958404541, 18.82029414176941, 19.0985107421875, 19.35566544532776, 19.6039080619812, 19.826525449752808, 20.041167736053467, 20.25672435760498, 20.45340061187744, 20.652084350585938, 20.840482711791992, 21.005704402923584, 21.170289516448975, 21.327998638153076, 21.476945877075195, 21.62449359893799, 21.758782863616943, 21.88786745071411, 22.019248008728027, 22.1417236328125, 22.260687351226807, 22.375242710113525, 22.4802827835083, 22.583205699920654, 22.68380641937256, 22.781202793121338, 22.873108386993408, 22.963199615478516, 23.050918579101562, 23.13427209854126, 23.21392059326172, 23.29064130783081, 23.36585521697998, 23.438305854797363, 23.508098125457764, 23.577122688293457, 23.64391565322876, 23.709471225738525, 23.772740364074707, 23.833301067352295, 23.892958164215088, 23.95305871963501, 24.010655879974365, 24.066331386566162, 24.12055253982544, 24.172816276550293, 24.223792552947998, 24.274766445159912, 24.324636459350586, 24.373135566711426, 24.421322345733643, 24.46781635284424, 24.513139724731445, 24.55726146697998, 24.599568843841553, 24.638166427612305, 24.670002460479736, 24.685003757476807, 24.671149253845215, 24.575953483581543, 24.41885471343994, 24.121551513671875, 24.26438570022583, 24.645264148712158, 24.993703365325928, 24.77583408355713, 24.67052459716797, 25.047695636749268, 25.021426677703857, 24.860923290252686, 25.12951374053955, 25.144295692443848, 25.00363826751709, 25.259592533111572, 25.21352529525757, 25.22733211517334], "loss": [0.288399875164032, 0.14624229073524475, 0.10495834052562714, 0.08970435708761215, 0.08267344534397125, 0.07715928554534912, 0.07114139199256897, 0.06419020146131516, 0.057262785732746124, 0.051385365426540375, 0.046065717935562134, 0.041273437440395355, 0.03763749077916145, 0.03429024666547775, 0.030827175825834274, 0.027951475232839584, 0.025613650679588318, 0.023371493443846703, 0.02146494947373867, 0.019978530704975128, 0.01851721480488777, 0.01714291423559189, 0.015961190685629845, 0.014870862476527691, 0.013958347961306572, 0.013121111318469048, 0.012306908145546913, 0.011599341407418251, 0.01095491461455822, 0.010407522320747375, 0.009905654937028885, 0.009426003322005272, 0.009008652530610561, 0.00860580150038004, 0.008240461349487305, 0.007932854816317558, 0.00763784721493721, 0.007365462835878134, 0.007117138244211674, 0.006879398133605719, 0.006669936701655388, 0.006474604830145836, 0.006281671579927206, 0.006106995046138763, 0.005941980984061956, 0.005787295754998922, 0.005648999474942684, 0.005516701377928257, 0.005390377249568701, 0.005270840134471655, 0.005160468630492687, 0.0050545185804367065, 0.004953452851623297, 0.004859288223087788, 0.004770983941853046, 0.004687439650297165, 0.004606958944350481, 0.004530742298811674, 0.004458512645214796, 0.004388211295008659, 0.004321241285651922, 0.004256501793861389, 0.004194942303001881, 0.0041368515230715275, 0.0040804119780659676, 0.004024332854896784, 0.003971315920352936, 0.003920729737728834, 0.0038720835000276566, 0.003825763938948512, 0.003781120292842388, 0.003737002145498991, 0.003694334998726845, 0.0036533083766698837, 0.0036129984073340893, 0.003574524773284793, 0.0035374134313315153, 0.003501658793538809, 0.003467712551355362, 0.0034370296634733677, 0.0034119277261197567, 0.003400163259357214, 0.0034110266715288162, 0.003486619098111987, 0.003615050110965967, 0.003871191991493106, 0.0037459449376910925, 0.003431416815146804, 0.0031668655574321747, 0.003329788101837039, 0.0034115163143724203, 0.003127737669274211, 0.003146713599562645, 0.0032651834189891815, 0.003069363534450531, 0.003058935049921274, 0.003159628715366125, 0.0029787947423756123, 0.0030105593614280224, 0.0030010039918124676]}