{"fp_bpp": 24.2816162109375, "hp_bpp": NaN, "fp_psnr": 25.259592533111572, "hp_psnr": NaN}