{"fp_bpp": [24.2816162109375], "hp_bpp": [], "fp_psnr": [30.692145824432373], "hp_psnr": []}