{"fp_bpp": 24.2816162109375, "hp_bpp": NaN, "fp_psnr": 30.692145824432373, "hp_psnr": NaN}