{"fp_bpp": [24.2816162109375], "hp_bpp": [], "fp_psnr": [33.91793489456177], "hp_psnr": []}