{"psnr": [5.676702260971069, 9.00430679321289, 10.373843908309937, 10.827043056488037, 11.063917875289917, 11.379412412643433, 11.840940713882446, 12.302775382995605, 12.72814393043518, 13.246725797653198, 13.731083869934082, 14.121031761169434, 14.51802372932434, 14.959168434143066, 15.363788604736328, 15.768661499023438, 16.162667274475098, 16.537511348724365, 16.898361444473267, 17.236462831497192, 17.602152824401855, 17.939425706863403, 18.276158571243286, 18.556243181228638, 18.82480502128601, 19.102250337600708, 19.355794191360474, 19.60794687271118, 19.838998317718506, 20.07692813873291, 20.285978317260742, 20.492968559265137, 20.697331428527832, 20.897362232208252, 21.0906720161438, 21.248040199279785, 21.408462524414062, 21.569080352783203, 21.716761589050293, 21.85765504837036, 21.983160972595215, 22.11925506591797, 22.25367546081543, 22.366676330566406, 22.483010292053223, 22.596499919891357, 22.705183029174805, 22.808716297149658, 22.910306453704834, 23.003296852111816], "loss": [0.27060121297836304, 0.12576773762702942, 0.09175200760364532, 0.08266006410121918, 0.07827231287956238, 0.0727878212928772, 0.06544943153858185, 0.05884673446416855, 0.053356289863586426, 0.047350794076919556, 0.04235371947288513, 0.03871655464172363, 0.03533439338207245, 0.03192148730158806, 0.029081791639328003, 0.026493161916732788, 0.02419542334973812, 0.022194676101207733, 0.020425081253051758, 0.018895288929343224, 0.01736939512193203, 0.016071535646915436, 0.014872502535581589, 0.013943621888756752, 0.013107488863170147, 0.012296313419938087, 0.011598996818065643, 0.010944734327495098, 0.010377677157521248, 0.009824426844716072, 0.009362719021737576, 0.008926947601139545, 0.008516611531376839, 0.008133241906762123, 0.00777916144579649, 0.007502326276153326, 0.00723025668412447, 0.006967739202082157, 0.006734782364219427, 0.006519801914691925, 0.006334081292152405, 0.006138673052191734, 0.005951581057161093, 0.005798721220344305, 0.005645455326884985, 0.005499836057424545, 0.005363911390304565, 0.005237550940364599, 0.0051164571195840836, 0.005008067470043898]}