{"fp_bpp": 24.2816162109375, "hp_bpp": NaN, "fp_psnr": 23.003296852111816, "hp_psnr": NaN}