{"fp_bpp": 24.2816162109375, "hp_bpp": NaN, "fp_psnr": 34.60230112075806, "hp_psnr": NaN}