{"fp_bpp": [24.2816162109375], "hp_bpp": [], "fp_psnr": [34.256651401519775], "hp_psnr": []}